{"cameraMode":{"drawMode":2,"name":"Shaded Wireframe","section":"Shading Mode"},"sceneLighting":true,"audioPlay":false,"sceneViewState":{"showFog":true,"showMaterialUpdate":false,"showSkybox":true,"showFlares":true,"showImageEffects":true,"showParticleSystems":true},"in2DMode":false,"pivot":{"x":16.801361083984376,"y":19.456212997436525,"z":5.337189674377441},"rotation":{"x":-0.21754471957683564,"y":-0.17319244146347047,"z":0.03927098959684372,"w":-0.9597585201263428},"size":2.4011244773864748,"orthographic":false}