{"cameraMode":{"drawMode":2,"name":"Shaded Wireframe","section":"Shading Mode"},"sceneLighting":true,"audioPlay":false,"sceneViewState":{"showFog":true,"showMaterialUpdate":false,"showSkybox":true,"showFlares":true,"showImageEffects":true,"showParticleSystems":true},"in2DMode":false,"pivot":{"x":-0.07048462331295014,"y":-2.539005994796753,"z":-21.485774993896486},"rotation":{"x":-0.0035521292593330147,"y":-0.9461773633956909,"z":0.32346153259277346,"w":-0.010411584749817849},"size":62.68712615966797,"orthographic":false}